driver_id,first_name,last_name,email,phone,city,vehicle_type,rating,joining_date
1,Kristen,Nelson,christopherhartman@example.net,571-737-1776,Mumbai,SUV,4.4,2022-07-19
2,Jamie,Robinson,mckaylee@example.net,+1-248-755-6809x755,Pune,Bike,4.1,2023-05-20
3,Amanda,Bowen,leonmark@example.com,+1-759-225-8332x508,Bangalore,Hatchback,4.3,2026-02-04
4,Curtis,Stewart,kimberlygarcia@example.org,+1-805-398-8848x69126,Pune,Hatchback,4.9,2022-09-04
5,William,Maxwell,saunderslisa@example.net,001-559-961-7138x526,Hyderabad,Bike,4.9,2024-06-29
6,Chelsea,Wagner,abarker@example.org,791.207.5080x108,Delhi,Sedan,4.7,2022-09-01
7,John,Schwartz,melissa80@example.org,+1-526-703-4050,Pune,Hatchback,4.3,2023-11-24
8,Samantha,Walters,jeremymorrow@example.net,2994504684,Delhi,Hatchback,3.9,2024-12-16
9,Kelsey,Burns,mark51@example.com,(409)557-5186x84770,Bangalore,Sedan,4.8,2021-12-23
10,Luis,Benitez,ronaldjennings@example.org,+1-795-913-5462x2072,Delhi,SUV,4.8,2023-12-03
11,Suzanne,Maxwell,cassandra60@example.com,875-225-7548x012,Hyderabad,Hatchback,3.5,2022-02-01
12,Patrick,Blackburn,josephcastaneda@example.org,(861)341-6521x5912,Hyderabad,Bike,4.3,2025-07-11
13,Michael,Baker,kimberlysavage@example.net,744-343-8236,Chennai,Sedan,4.2,2023-03-29
14,Daniel,Newton,pricetiffany@example.net,977-909-0159,Bangalore,Sedan,4.7,2026-04-03
15,Steven,Rodriguez,beverly00@example.com,890-777-2729,Pune,Sedan,4.5,2022-01-20
16,Thomas,Reed,kelly04@example.com,+1-799-925-5940x26465,Bangalore,Bike,3.5,2021-11-10
17,Abigail,Simpson,ryanbecker@example.org,806-756-3173x01601,Chennai,Hatchback,5.0,2026-02-26
18,Erin,Dyer,burnettkyle@example.net,(305)812-6638x7464,Pune,Hatchback,4.1,2022-06-16
19,Joseph,Gonzales,larryperkins@example.com,(438)276-3435,Hyderabad,Hatchback,4.8,2022-10-14
20,Deanna,Lewis,lcole@example.net,693-509-4581x01780,Pune,Sedan,3.7,2025-01-04
21,Erica,Coleman,erikawilson@example.net,(771)605-3449,Mumbai,Sedan,3.8,2023-05-29
22,Brady,Jones,jason61@example.net,917.500.5291x7202,Pune,Sedan,4.6,2023-11-04
23,Stephen,Hart,kimterrance@example.org,(207)538-4787x20562,Bangalore,Sedan,4.0,2023-06-03
24,Charlene,Nunez,danielletaylor@example.org,659.708.7827x871,Delhi,Sedan,4.6,2026-06-29
25,Alan,Perez,qthomas@example.org,001-613-789-8500,Hyderabad,Hatchback,4.6,2022-07-05
26,David,Robertson,fordrobert@example.org,001-728-839-6323x61999,Delhi,SUV,4.5,2025-10-26
27,Laura,Ball,danielledennis@example.net,923.643.3921x477,Delhi,Sedan,3.6,2024-08-07
28,Erica,Dyer,stephanie91@example.com,3508144169,Chennai,Hatchback,4.4,2025-08-16
29,Laura,Lewis,zmartin@example.org,9043030888,Hyderabad,Sedan,3.7,2025-07-13
30,Amanda,Price,cynthiaherman@example.com,5752749361,Hyderabad,Hatchback,4.8,2025-01-22
31,Rachel,Long,xsmith@example.com,001-461-356-7252x24908,Pune,Sedan,4.7,2024-08-04
32,David,Berry,bgregory@example.org,001-522-425-0249x2848,Chennai,SUV,4.6,2025-08-26
33,Anthony,Kirk,nicholas20@example.org,774.240.3980x5189,Hyderabad,Hatchback,4.9,2024-12-22
34,Brooke,Wallace,joshuaweber@example.com,442.300.1174,Pune,Hatchback,4.2,2022-05-06
35,Jeremiah,Collins,josephmarks@example.com,2007228178,Mumbai,Hatchback,3.7,2025-09-22
36,Angela,Larsen,edavis@example.net,(794)771-4809x7606,Mumbai,Hatchback,4.5,2021-11-03
37,Sharon,Martin,ngonzales@example.org,365-412-9165x1943,Delhi,Hatchback,4.0,2022-11-23
38,John,Arnold,tbennett@example.com,7435173209,Delhi,Sedan,4.2,2021-10-28
39,Tonya,Hendrix,james11@example.org,+1-391-607-7000x65989,Delhi,Bike,4.3,2025-08-12
40,Sean,Mcdaniel,ariana87@example.org,4054375523,Hyderabad,Hatchback,3.5,2024-01-03
41,Judith,Castillo,tiffanyhernandez@example.net,(402)986-8888x574,Chennai,Bike,3.7,2023-05-12
42,Heidi,Richards,katherinemyers@example.com,001-894-555-6641x860,Hyderabad,Sedan,4.1,2025-03-27
43,Sandra,Bates,brenda57@example.org,+1-253-704-0476x58630,Delhi,Bike,4.0,2024-09-13
44,Denise,Mccarthy,carrollmelinda@example.org,(754)490-5733x3750,Delhi,SUV,4.4,2022-03-23
45,Christina,Meyer,klove@example.org,6993047365,Bangalore,Hatchback,4.4,2024-07-08
46,John,Navarro,gmccormick@example.org,574-301-8917x2813,Chennai,SUV,4.8,2022-01-30
47,Randall,Atkinson,dawn43@example.com,216-875-9515x635,Delhi,SUV,3.8,2024-12-29
48,Jerome,Clark,robert09@example.net,(807)993-4253x71583,Bangalore,Sedan,3.9,2023-02-08
49,Lisa,Steele,tylerkyle@example.org,955.925.9857x59092,Bangalore,Hatchback,4.8,2022-08-17
50,Mary,Rodriguez,davidrogers@example.org,790.811.2536,Hyderabad,Bike,4.3,2022-06-01
51,Cynthia,Chan,dawnbaxter@example.net,497.919.1945x8508,Pune,Sedan,4.1,2026-01-31
52,Sandra,Wells,danielgalloway@example.com,001-812-367-8928x870,Delhi,SUV,4.2,2026-04-22
53,Angela,Dawson,shunt@example.org,3917854167,Bangalore,Sedan,3.8,2022-08-07
54,Mary,Boyd,quinnangela@example.org,267-260-9223x64385,Bangalore,Sedan,4.5,2023-01-12
55,Jennifer,Ellis,valerie60@example.org,406-282-5797,Mumbai,SUV,4.2,2022-09-15
56,Samuel,Hughes,teresajones@example.net,526-296-2771x9691,Bangalore,Sedan,4.3,2025-06-02
57,Daniel,Jackson,leblancjodi@example.com,+1-829-272-7743x27666,Bangalore,Sedan,4.5,2022-02-10
58,Jason,Melton,umendez@example.net,001-846-681-6597x3974,Pune,Sedan,3.8,2025-03-25
59,Jill,Sanders,jjones@example.org,(895)627-3406x2302,Mumbai,Hatchback,4.3,2025-10-31
60,Amy,Ross,tonysimmons@example.net,+1-959-552-7241x02454,Pune,SUV,4.1,2023-05-27
61,Kara,Stewart,robinsonedward@example.org,(725)705-7254,Chennai,Hatchback,4.1,2022-10-02
62,Ryan,Jacobs,estanley@example.com,831.570.9207x484,Pune,Bike,4.4,2025-12-29
63,Daniel,Carr,jamesprince@example.org,(788)888-0774x651,Delhi,Bike,4.7,2021-08-03
64,Tammy,Cummings,monicamartin@example.com,371-303-6889,Pune,Bike,4.6,2023-10-28
65,Patricia,Hogan,matthewsgloria@example.org,(710)930-1360,Mumbai,Sedan,3.9,2026-06-06
66,Molly,Mccoy,dvaughn@example.com,382.456.2950x2608,Bangalore,Sedan,4.0,2022-07-08
67,Jeffrey,Miller,burtonkyle@example.net,218-636-1387x49098,Pune,SUV,3.8,2022-04-15
68,Gerald,Gomez,boothtyler@example.com,233-665-5644x9801,Hyderabad,Hatchback,4.0,2021-10-30
69,Sarah,Peters,kingjamie@example.net,+1-596-315-2454x340,Hyderabad,Bike,4.5,2022-02-26
70,Robert,Martinez,amandameyer@example.com,(643)683-1409x413,Bangalore,SUV,4.3,2024-05-15
71,Cody,Robinson,allisonalbert@example.net,398-688-7546,Chennai,Hatchback,4.2,2023-07-09
72,Fernando,Huang,lisa41@example.com,510.275.8096x772,Bangalore,Hatchback,3.9,2023-04-12
73,Wayne,Jones,jeremiah65@example.net,+1-928-594-4014,Bangalore,Hatchback,3.6,2022-10-26
74,Joseph,Smith,brittney84@example.com,689-540-9519x394,Bangalore,SUV,3.8,2025-10-10
75,Donna,Wiley,john53@example.org,001-306-668-5857x385,Hyderabad,Sedan,4.8,2025-04-22
76,Barry,Frost,ugreen@example.com,+1-352-313-4401,Mumbai,SUV,4.0,2022-10-12
77,Paul,Murray,dana26@example.org,+1-971-252-0488x663,Mumbai,Bike,4.4,2023-03-17
78,Antonio,Snow,andrew50@example.com,836-376-5797x3120,Mumbai,SUV,4.9,2025-03-03
79,Maureen,Sharp,eric58@example.net,+1-705-503-6096x39336,Mumbai,Sedan,3.6,2024-12-13
80,John,Velasquez,ejohnson@example.org,848.564.0595x7114,Bangalore,Sedan,3.8,2023-07-08
81,Tracy,Miles,adamhayden@example.org,(798)482-0473x70145,Pune,SUV,3.6,2025-11-03
82,Zachary,Frazier,tshaw@example.net,360.923.6514x197,Chennai,SUV,3.9,2024-01-02
83,Joseph,Lewis,heather84@example.org,918-243-2294x28543,Delhi,SUV,4.1,2023-09-05
84,Allison,Davis,ajackson@example.com,(843)319-7892,Pune,SUV,3.7,2021-11-07
85,Tyler,Mack,idennis@example.net,001-406-797-1918x403,Mumbai,Sedan,3.9,2022-02-14
86,Rachel,Hernandez,castanedasally@example.com,203.848.0227,Delhi,SUV,4.5,2026-02-01
87,Becky,Trevino,jason98@example.net,8117436358,Mumbai,Bike,4.1,2025-12-06
88,Jason,Moore,cathyjohnson@example.com,(682)209-4606x7191,Mumbai,Hatchback,4.8,2021-12-02
89,Lindsey,Welch,yriley@example.com,209-390-3851,Mumbai,Hatchback,4.8,2022-06-13
90,Daniel,Butler,jasmineclark@example.net,704-411-7201x1035,Mumbai,Hatchback,4.4,2021-08-29
91,Melissa,Thompson,martinezwilliam@example.org,001-945-930-2033x2106,Hyderabad,SUV,4.6,2024-06-17
92,William,Fernandez,sreyes@example.com,(249)788-0524,Bangalore,Bike,4.4,2025-09-24
93,Alexander,Gordon,smithwesley@example.net,001-604-377-6289,Bangalore,SUV,4.7,2025-11-01
94,Kristin,Gutierrez,collinssean@example.com,711.211.2062x666,Mumbai,Sedan,3.5,2023-02-12
95,Amy,Jimenez,parsonsjustin@example.com,478.570.8592x668,Hyderabad,SUV,4.7,2023-12-06
96,John,Snow,mooremelissa@example.net,001-503-334-7956x140,Mumbai,Bike,4.2,2024-10-11
97,Emily,Lopez,marcuschambers@example.net,916.280.4402x88981,Hyderabad,Hatchback,4.2,2025-12-04
98,Kristen,Kim,evelyn73@example.net,450-223-2818x265,Chennai,Hatchback,4.2,2024-10-03
99,Amy,Williams,rickey85@example.com,743.803.5003x87758,Bangalore,Bike,4.3,2022-06-15
100,Peter,Ramirez,landerson@example.com,+1-206-843-9860x726,Hyderabad,Sedan,3.7,2023-04-26
101,Debbie,Brennan,mmelton@example.org,5402860303,Delhi,SUV,4.6,2023-05-11
102,Jeffrey,Benton,delacruzkelly@example.com,866-991-4389,Bangalore,Sedan,4.2,2024-07-22
103,Randy,Shelton,fcherry@example.com,237-280-7312x005,Pune,SUV,4.6,2022-10-06
104,Edward,Harris,fortega@example.org,001-800-281-2877x12174,Chennai,SUV,4.2,2026-01-15
105,Anthony,Bell,jillaustin@example.net,001-806-940-9207x30392,Delhi,Sedan,3.8,2025-11-01
106,Adam,Brown,obrown@example.net,985-597-1695x544,Hyderabad,Sedan,5.0,2024-12-24
107,Ronald,Jones,ashley21@example.net,481.876.1612x86171,Delhi,Sedan,3.9,2023-07-09
108,James,Phillips,nicholeallen@example.net,+1-388-215-8548x512,Chennai,Hatchback,4.0,2023-12-01
109,Nancy,Oliver,carloswhite@example.com,(801)237-6374x5572,Bangalore,SUV,4.9,2024-10-22
110,Patricia,Phillips,williamsbrian@example.org,2247875586,Chennai,Sedan,4.7,2025-06-03
111,Thomas,Nielsen,sawyerglenn@example.net,504.315.3354x33117,Mumbai,SUV,4.6,2022-04-14
112,Daniel,Parker,karengillespie@example.com,5119722002,Pune,SUV,4.2,2022-07-27
113,Stephanie,Miller,fpowell@example.com,884-897-8619x60323,Pune,Hatchback,4.7,2025-05-23
114,Joseph,Johnson,qlee@example.com,+1-584-982-4048,Delhi,SUV,4.3,2025-03-19
115,Christina,Carroll,anthonylewis@example.org,795-362-1449x19153,Pune,Bike,4.7,2023-05-04
116,Colin,Lopez,cynthia10@example.com,(847)775-6902x191,Bangalore,Sedan,4.6,2026-05-15
117,Andrew,Cannon,rodney84@example.com,+1-424-761-0160x694,Pune,Sedan,4.1,2022-09-15
118,Katrina,George,andrew96@example.net,595.467.7778,Hyderabad,Sedan,4.6,2026-04-18
119,Vickie,Luna,pgonzalez@example.org,(296)988-4884x8109,Hyderabad,SUV,3.6,2022-09-24
120,Samantha,Middleton,crystalmckinney@example.com,+1-776-427-0765x564,Delhi,SUV,4.9,2025-11-04
121,Elizabeth,Bennett,ssmith@example.org,532-488-9484x2682,Pune,Sedan,4.2,2023-12-12
122,Jerry,Maldonado,kimberly97@example.com,744.741.5305,Pune,Bike,4.6,2025-07-18
123,Janet,Martin,khall@example.com,867.521.1575x427,Chennai,Sedan,4.2,2024-01-13
124,Summer,Vargas,ahunt@example.net,245.677.3089x389,Pune,Sedan,3.6,2024-01-13
125,Kristen,Williams,jonathanrichardson@example.com,3474549939,Hyderabad,Hatchback,4.9,2025-08-20
126,Sarah,Davis,harpercarol@example.net,+1-353-608-5290x195,Chennai,Hatchback,4.9,2022-03-21
127,Anthony,Guerra,jillramirez@example.com,368.526.6529x27919,Chennai,SUV,4.4,2025-06-17
128,Justin,Hawkins,wpeck@example.org,+1-627-441-9818x86937,Delhi,Sedan,4.9,2024-06-01
129,Justin,Williams,nicole13@example.com,001-782-547-7524x86805,Chennai,Sedan,4.2,2022-08-05
130,Julie,Pearson,charles93@example.net,(529)364-2935x3212,Chennai,Hatchback,3.6,2025-01-24
131,Christopher,Perkins,rodneywilliamson@example.net,+1-332-528-0468,Hyderabad,Bike,4.7,2022-03-29
132,Kyle,Whitney,melissa60@example.com,+1-750-788-2113x66203,Hyderabad,SUV,3.8,2021-11-28
133,Alexa,Stone,shane28@example.com,573.380.3869x4447,Pune,Hatchback,4.2,2023-09-02
134,Andrea,Hall,lhardy@example.com,+1-675-498-4540x756,Bangalore,Bike,3.8,2021-09-02
135,Christopher,Marshall,cpeterson@example.org,001-529-410-4756x2893,Mumbai,Hatchback,4.1,2024-01-11
136,Gregory,Mason,james07@example.com,4262296707,Hyderabad,Hatchback,4.6,2025-01-22
137,Dominique,Jenkins,jody46@example.net,(263)989-9131x7373,Mumbai,SUV,4.5,2024-04-24
138,Bryan,Murillo,hahnjeffrey@example.com,9327341522,Delhi,Sedan,5.0,2023-12-27
139,Mike,Dominguez,robinsondaniel@example.com,001-734-452-3431x349,Pune,Hatchback,5.0,2021-09-21
140,Rachel,Wang,jenniferburnett@example.net,841-245-5745x2216,Pune,Sedan,4.5,2023-07-18
141,Daniel,Reeves,jennifer74@example.org,275.326.7662x173,Mumbai,Sedan,4.0,2024-09-04
142,Maria,Reese,kennethrichardson@example.org,704.561.9064x4212,Mumbai,Bike,4.6,2026-06-22
143,Paul,Jensen,iking@example.org,+1-978-958-0434,Chennai,SUV,3.8,2022-02-10
144,Jessica,Schneider,michael56@example.org,+1-963-486-7246x2861,Pune,Hatchback,4.6,2022-01-25
145,Brenda,Hopkins,hrodriguez@example.net,294.204.0203,Bangalore,Bike,4.6,2026-06-16
146,Jamie,Smith,jeffrey73@example.com,001-921-615-2057,Bangalore,SUV,3.8,2022-10-27
147,Emily,Hodges,ftodd@example.com,001-346-899-4138,Delhi,Bike,4.0,2022-08-03
148,Tracey,Nelson,jillian56@example.org,(943)628-0780,Mumbai,SUV,4.7,2025-01-26
149,Ronald,Noble,andersonnicole@example.org,+1-470-446-8671x4565,Delhi,SUV,3.8,2023-02-24
150,Dawn,Bell,jasondiaz@example.net,274.565.4710x019,Delhi,SUV,3.9,2025-02-01
151,David,Silva,alecpotter@example.org,+1-837-498-1196x936,Hyderabad,SUV,5.0,2024-11-09
152,Richard,Alvarado,kellerkayla@example.org,(571)735-2979x42519,Mumbai,Bike,3.6,2023-03-17
153,Jessica,Bentley,rschaefer@example.com,487.613.0206,Hyderabad,Sedan,4.6,2024-07-24
154,Joshua,Martin,ljoseph@example.com,+1-981-884-9928x905,Delhi,SUV,4.6,2024-09-21
155,James,Garner,david48@example.com,365-240-2242x03438,Pune,Hatchback,4.5,2022-12-17
156,Karen,Miller,frederickcortez@example.net,957-989-9021x570,Pune,SUV,4.2,2022-12-01
157,Angela,Jones,fsilva@example.com,+1-949-726-3084x6674,Chennai,Hatchback,4.9,2025-11-04
158,George,Henderson,jonesmichael@example.com,679-343-3623,Chennai,Bike,4.7,2024-11-29
159,Victor,Bird,lopezchristina@example.net,(772)416-4997,Pune,Hatchback,4.2,2025-01-02
160,Stacey,Cook,bethany60@example.com,+1-910-895-3942x33750,Delhi,Sedan,4.3,2025-12-14
161,Michelle,Ingram,nashmichael@example.com,(657)621-7166,Bangalore,Hatchback,4.6,2022-06-17
162,Matthew,Ruiz,waltontamara@example.org,726.404.5536,Hyderabad,SUV,3.7,2023-01-25
163,Michelle,Shepard,michelebrock@example.org,+1-455-768-0391x913,Hyderabad,SUV,3.9,2024-11-19
164,Erin,Mccoy,laura16@example.org,+1-948-533-5207x3991,Chennai,Bike,4.9,2021-08-24
165,Elizabeth,Thompson,elizabeth76@example.com,001-827-840-5694x06162,Chennai,Bike,4.4,2025-02-08
166,Michelle,Morrison,butlerjay@example.net,+1-357-919-0263x89700,Pune,SUV,4.9,2026-02-16
167,Steven,Dominguez,zbrown@example.com,6968312240,Delhi,Bike,4.7,2021-12-29
168,Natalie,Ross,deborah67@example.org,822.274.1489,Bangalore,Sedan,4.6,2023-07-20
169,Manuel,Collins,ucisneros@example.com,666.543.2673x443,Pune,Sedan,4.7,2023-10-29
170,Daniel,Cooper,andrew97@example.org,498.505.0138x346,Chennai,SUV,4.8,2025-07-23
171,Nicholas,Powell,timothyjones@example.com,296.259.6782x16078,Pune,Bike,4.7,2026-06-24
172,Larry,Curry,heidijohnson@example.org,5655179333,Delhi,Hatchback,4.8,2025-08-15
173,Jacqueline,Anderson,ngray@example.com,851-399-4962x104,Bangalore,SUV,4.9,2024-08-05
174,Amber,Patrick,lauraclark@example.org,272-913-7546,Mumbai,Sedan,4.0,2025-08-31
175,Mason,Watson,richard35@example.com,001-227-622-2688x86733,Pune,Bike,3.5,2022-05-10
176,Veronica,Pugh,william86@example.org,3979753145,Chennai,Sedan,4.9,2023-03-27
177,Megan,Tucker,janice17@example.net,935.801.7381x4612,Chennai,Bike,3.8,2023-03-11
178,Scott,Glass,stevensandrea@example.org,821-632-3023x9859,Mumbai,Sedan,4.2,2022-11-28
179,Tara,Garcia,lawrenceyoung@example.net,4684281501,Bangalore,Bike,4.3,2023-11-19
180,Jennifer,Rosales,youngsteven@example.com,561-794-4020x780,Mumbai,Hatchback,4.7,2021-10-11
181,Teresa,Williams,qlee@example.org,001-410-270-7641x201,Delhi,Hatchback,4.7,2023-09-11
182,Troy,Campbell,stephanie87@example.com,805.938.5510x14073,Pune,Sedan,4.5,2022-06-13
183,Travis,Dudley,tony28@example.net,546-244-8403,Chennai,Bike,3.5,2026-02-12
184,Kevin,Richardson,ywall@example.org,618-611-2891x9474,Bangalore,Sedan,4.7,2022-09-08
185,Michele,Roberts,mreyes@example.com,(482)283-2206x534,Hyderabad,Sedan,4.7,2024-10-09
186,Nicholas,Williams,gary64@example.org,+1-261-781-7120,Chennai,SUV,3.8,2023-05-01
187,Carrie,Knight,joycekeith@example.org,419-567-5406,Chennai,SUV,3.6,2023-03-12
188,Gary,Hammond,marywhite@example.com,+1-873-772-3230x73362,Pune,Sedan,4.0,2023-07-14
189,Daisy,Wright,dowen@example.net,979.340.4008x353,Hyderabad,Sedan,3.7,2024-04-16
190,Kathryn,Davis,kevinharris@example.org,001-923-443-5936x930,Pune,SUV,3.7,2023-02-06
191,Patricia,Fernandez,mary72@example.org,(258)639-6987,Pune,Bike,4.6,2026-07-08
192,Jacqueline,Turner,hunter50@example.net,961.501.9440,Chennai,SUV,4.8,2022-04-27
193,Jessica,Blake,tjensen@example.net,897.316.0152x40608,Pune,Sedan,4.0,2026-04-24
194,Pamela,Thomas,vargascaleb@example.net,(340)801-0634x2497,Delhi,Sedan,4.7,2024-08-21
195,Samantha,Brewer,monica16@example.net,001-406-809-3570x796,Chennai,Sedan,4.6,2024-09-19
196,Matthew,Frye,jrandall@example.com,907.395.7963x8841,Delhi,Sedan,4.1,2026-06-08
197,Michael,Crane,mary17@example.org,001-405-625-1663x045,Hyderabad,Sedan,4.6,2025-02-06
198,Joyce,Donovan,dhamilton@example.com,909.555.1381x2689,Pune,Bike,3.6,2024-01-07
199,Elizabeth,Herman,henrywilliams@example.org,7423092837,Delhi,Bike,4.9,2022-05-06
200,Lisa,Walker,ijones@example.org,(559)373-9400,Bangalore,Hatchback,4.2,2024-10-13
201,Judith,Knox,mortonmatthew@example.net,(275)787-4947x41414,Pune,Bike,3.7,2025-09-27
202,Mary,Jenkins,whiterhonda@example.org,001-714-822-5690x0978,Pune,Bike,3.5,2026-07-07
203,Jessica,Daniels,usmith@example.com,536.422.0902,Bangalore,Bike,4.0,2026-02-19
204,Sandra,Larsen,anna59@example.org,(558)798-0376x411,Delhi,SUV,4.9,2023-06-05
205,Jill,Zuniga,xjensen@example.net,627-200-0977,Hyderabad,Hatchback,4.7,2023-11-16
206,Joseph,Simon,mwest@example.net,444.621.1989x8003,Pune,Hatchback,4.1,2023-12-30
207,Justin,Davis,melissajones@example.com,001-252-613-8667x910,Chennai,Sedan,4.2,2025-06-19
208,Evelyn,Sloan,ksweeney@example.net,819-377-2688x113,Pune,Bike,3.6,2023-03-09
209,Erin,Roberson,rlopez@example.net,489.979.2755,Mumbai,Hatchback,3.9,2025-08-10
210,Laura,Bullock,ttyler@example.net,(426)621-3211x4735,Hyderabad,Hatchback,3.9,2021-11-07
211,Dustin,Cain,townsendmichael@example.com,367.616.5965x04015,Chennai,Hatchback,3.5,2023-04-10
212,Catherine,Burns,mstuart@example.net,352.222.7035x559,Mumbai,SUV,3.5,2024-01-21
213,Roger,Crawford,randylittle@example.com,3993183348,Hyderabad,Hatchback,4.2,2022-03-09
214,Michael,Jones,ronnieholmes@example.com,991-987-1394,Pune,Hatchback,4.2,2022-11-14
215,Laura,Richards,rthompson@example.com,(537)445-1369x432,Delhi,Sedan,4.8,2024-05-28
216,John,Riley,robertpalmer@example.org,(656)261-1504x50358,Mumbai,SUV,3.9,2024-09-13
217,Pam,Gonzales,mwilliams@example.com,620-921-2780x56943,Delhi,SUV,4.8,2025-11-01
218,Ryan,Browning,nmartin@example.com,582-408-4792x605,Hyderabad,Sedan,3.9,2022-01-19
219,Jessica,Mccarthy,ybenitez@example.com,(235)525-0919,Chennai,Sedan,4.4,2023-06-27
220,Elizabeth,Berry,vwright@example.net,905.311.7171x43505,Mumbai,SUV,4.6,2025-10-31
221,Christopher,Flynn,ballardwilliam@example.com,370-610-7151x811,Pune,Sedan,3.7,2021-12-11
222,Andre,Williams,michaelford@example.org,316.713.8681x2272,Hyderabad,Bike,4.3,2023-02-19
223,Erika,Pittman,todd86@example.org,001-918-320-7577,Chennai,SUV,4.9,2021-08-31
224,Jessica,Foster,edwardthomas@example.org,(274)458-7868x11136,Chennai,Bike,3.6,2026-02-07
225,Angela,Mcpherson,ubaker@example.org,481.470.8107,Delhi,Bike,3.8,2025-12-16
226,Bryan,West,yhester@example.com,496-416-1018x535,Pune,Sedan,4.8,2024-02-20
227,Matthew,Knapp,veronica69@example.com,(377)778-1398,Bangalore,Bike,4.5,2021-12-11
228,Andrea,Martinez,jonbennett@example.com,9175332690,Bangalore,Bike,4.7,2024-03-07
229,Joel,Hill,douglasgamble@example.com,+1-511-624-9108x1678,Mumbai,SUV,3.7,2023-03-13
230,Anne,Clark,julie26@example.com,(613)266-3173,Bangalore,Bike,3.9,2026-06-23
231,Bruce,Logan,castillomichael@example.com,001-246-758-8477x546,Hyderabad,Sedan,3.8,2025-11-22
232,Sally,Baker,mcurtis@example.net,(392)966-6504,Delhi,Sedan,4.3,2023-10-08
233,Kathy,Graves,hannah97@example.org,001-902-877-5450,Delhi,SUV,3.8,2022-03-24
234,Brianna,Drake,briancochran@example.com,263-719-0674,Chennai,Sedan,4.0,2024-08-27
235,Jon,Barker,medinajuan@example.com,(911)996-4136x441,Bangalore,Sedan,4.2,2025-03-16
236,Lauren,Jones,piercedawn@example.com,560-854-5924x94499,Bangalore,Hatchback,4.8,2025-01-21
237,Rodney,Green,carolyn62@example.org,+1-283-674-3529x15807,Mumbai,Bike,4.7,2021-11-13
238,Justin,Cooper,paul71@example.org,468.608.1462,Hyderabad,Hatchback,4.4,2023-09-03
239,David,Cooper,shawolivia@example.com,532-547-7599,Mumbai,Sedan,4.6,2022-05-23
240,Emily,Hamilton,ricardogarcia@example.net,001-627-893-8038x7438,Hyderabad,SUV,4.7,2023-09-21
241,Alice,Russell,rebekahmiller@example.org,943-756-8587x541,Hyderabad,Hatchback,3.6,2025-04-29
242,Andrew,Taylor,christopher11@example.net,(449)411-0942x913,Hyderabad,Sedan,3.6,2022-08-13
243,Erica,Wolf,rogersdouglas@example.net,+1-379-321-9627x05365,Mumbai,Sedan,4.6,2023-07-06
244,Kelly,Miller,john90@example.net,+1-415-591-7455,Chennai,SUV,4.6,2025-03-06
245,Diamond,Vargas,prestonmelton@example.net,348-378-3350,Chennai,Sedan,4.0,2022-03-27
246,Robert,Jordan,racheljones@example.net,934-369-2922,Hyderabad,Bike,3.6,2022-12-24
247,Debra,Jones,michaelhanson@example.org,842-938-6623x332,Hyderabad,Sedan,4.5,2024-01-19
248,Justin,Thomas,jcarter@example.com,+1-245-273-6946x2145,Bangalore,Bike,4.4,2025-03-31
249,Joshua,Taylor,nicole84@example.org,270-625-1705,Mumbai,SUV,4.8,2025-08-20
250,Brian,Bryant,smithsean@example.net,932-678-2085,Bangalore,Sedan,3.8,2025-03-31
251,Susan,Cortez,alexandercampbell@example.org,375.978.7668x59665,Pune,Bike,4.1,2025-07-05
252,Peggy,Brown,lorrainecoleman@example.net,5988552015,Mumbai,SUV,4.0,2026-07-22
253,Patricia,Jackson,garrettvasquez@example.org,361.996.9144,Hyderabad,Bike,4.7,2025-10-11
254,Tiffany,Brown,kathryn67@example.com,299-691-5871,Chennai,Sedan,4.9,2024-12-27
255,Richard,Leach,gonzalesmonica@example.org,804-368-7607,Delhi,Hatchback,4.9,2026-01-30
256,Jenny,Pratt,maxhoover@example.com,659-925-9397x085,Delhi,Sedan,3.6,2022-10-05
257,Christopher,Frank,nhoover@example.org,820-786-6055x58737,Bangalore,Hatchback,4.7,2024-04-06
258,John,Rose,qsmith@example.org,+1-905-782-3204x2704,Mumbai,SUV,5.0,2022-04-24
259,James,Conway,monroesarah@example.net,8643135522,Mumbai,SUV,4.0,2025-10-29
260,Lauren,Burton,ewhite@example.net,001-230-631-1916x364,Chennai,SUV,4.0,2023-06-01
261,Cynthia,Sparks,autumnwelch@example.org,454-534-8547x309,Chennai,Bike,4.3,2023-09-02
262,Brandon,Mcbride,nicholasmccoy@example.net,(984)504-2139,Delhi,Sedan,4.8,2023-03-18
263,Cynthia,Montgomery,simpsonjames@example.com,001-293-783-5829x6185,Chennai,Hatchback,3.6,2025-01-07
264,Teresa,Clarke,courtney88@example.org,001-724-313-7646,Pune,SUV,4.4,2025-07-02
265,Joseph,Lee,sheila69@example.com,(417)649-8794x79316,Pune,SUV,4.8,2023-02-07
266,Raymond,Wiggins,yharris@example.org,363-628-1120x5800,Delhi,Hatchback,4.4,2023-07-04
267,Dylan,Lopez,hicksblake@example.org,250-460-7650x623,Bangalore,Sedan,3.5,2024-12-18
268,Megan,Williams,taylorsarah@example.com,+1-323-831-8301,Hyderabad,Bike,4.5,2023-06-19
269,Keith,Mueller,younglauren@example.com,974.737.9081,Hyderabad,Hatchback,4.0,2024-01-10
270,Maria,Coleman,tanyacline@example.net,453.493.4686x584,Mumbai,Sedan,3.6,2025-11-11
271,Melissa,Pham,carrollgrant@example.org,235.449.4428,Delhi,Bike,4.8,2026-02-26
272,Erin,Kirby,martinezalex@example.com,360-961-6983,Pune,Sedan,3.8,2023-09-14
273,Kristen,Mitchell,grosstimothy@example.org,718.291.9255x92516,Bangalore,Sedan,4.0,2022-02-28
274,Jack,Hawkins,kevincharles@example.org,001-321-380-9698x48353,Chennai,Sedan,4.4,2024-01-26
275,Steven,Carpenter,shannon36@example.org,822.409.5776x294,Hyderabad,Sedan,3.9,2021-10-17
276,Joel,White,seanshepherd@example.net,001-385-628-9173x52057,Hyderabad,Bike,4.1,2021-09-04
277,Bruce,Johnson,hcampos@example.net,621-216-1096x12258,Mumbai,Bike,4.1,2024-09-01
278,Randy,Dunlap,david29@example.net,001-255-291-4955,Hyderabad,SUV,4.3,2025-06-26
279,Megan,Garner,paynejulia@example.net,001-624-284-7342x7274,Pune,SUV,4.6,2025-12-04
280,Amy,Davis,marthaking@example.org,980.663.7505,Pune,Bike,3.7,2025-05-11
281,Robert,Simpson,pattersonkristen@example.net,358-994-3063x473,Mumbai,Bike,4.5,2024-12-15
282,Michelle,Reyes,charlesjones@example.org,(800)344-7667x65327,Pune,Sedan,3.6,2023-04-26
283,Heather,Roth,eburke@example.com,882-820-8187x544,Mumbai,Hatchback,3.6,2025-03-21
284,Denise,Henry,bonnie42@example.com,703.603.2921x176,Bangalore,Bike,4.6,2023-06-10
285,Leah,Martinez,leahmcdonald@example.net,899.602.0206,Pune,SUV,4.8,2025-05-09
286,Christopher,Miller,larrydurham@example.org,+1-276-431-4226x6164,Chennai,SUV,3.8,2026-01-26
287,Rebecca,Williams,pgarza@example.com,650.205.9818,Delhi,Bike,4.5,2023-04-28
288,Tara,King,brookedurham@example.org,459-570-1325,Bangalore,Sedan,4.2,2023-03-15
289,Gabrielle,Russell,rebecca10@example.org,001-531-786-2680x123,Pune,Sedan,4.3,2022-01-12
290,Brianna,Jimenez,kimcooley@example.com,7685755762,Mumbai,Bike,3.9,2022-02-14
291,Lisa,Lester,hamiltonmark@example.net,001-533-496-7372x2808,Delhi,Hatchback,4.1,2024-10-15
292,Jennifer,Smith,ocunningham@example.net,+1-687-213-9609x324,Hyderabad,Bike,3.7,2023-11-27
293,Angel,Adams,kkelley@example.org,5934327876,Chennai,Sedan,4.4,2024-11-12
294,Stephanie,Moore,julierice@example.net,897.683.4313x823,Mumbai,SUV,4.1,2021-10-02
295,Rebecca,Morgan,jonathanelliott@example.org,+1-774-255-6671x02570,Pune,Bike,4.8,2022-06-17
296,Christopher,Chavez,greenejennifer@example.org,768.395.0568x54824,Pune,SUV,4.6,2025-12-15
297,James,Ball,ruthbenson@example.net,001-669-740-7521,Pune,Sedan,3.8,2021-10-01
298,Sandra,Le,christopherbrown@example.com,001-612-254-7814x7898,Mumbai,SUV,4.7,2024-07-27
299,Brandon,Jones,douglastorres@example.net,+1-818-254-3893x562,Delhi,Bike,4.7,2022-09-04
300,Melissa,Peters,nguzman@example.net,597-290-4538x6253,Bangalore,Bike,4.0,2024-09-21
301,Darryl,Park,kathy33@example.net,+1-762-431-9013x16489,Hyderabad,Sedan,4.3,2024-09-27
302,John,Barber,yrodriguez@example.org,001-569-463-1498x388,Hyderabad,Bike,4.1,2024-06-20
303,Daniel,Mccoy,blackburnkara@example.net,(365)519-7986x7657,Chennai,Bike,4.6,2025-11-11
304,Alison,Hill,carolynbarrett@example.org,001-599-604-9000,Hyderabad,Hatchback,4.4,2025-05-04
305,Bailey,Huber,hannah05@example.com,482.206.3278,Mumbai,SUV,4.8,2024-07-18
306,David,Holland,lauren93@example.com,(332)495-8349x33742,Bangalore,SUV,3.8,2025-10-31
307,Dawn,Roy,tmarshall@example.org,805-490-4093x4031,Bangalore,Sedan,5.0,2024-12-20
308,Regina,Brown,jeffreywatkins@example.com,658.867.2208x75876,Bangalore,Sedan,4.1,2022-06-09
309,David,Mcdaniel,christine34@example.net,001-472-356-9735x5251,Hyderabad,SUV,3.8,2022-04-17
310,Kelly,Madden,jessicamoran@example.net,(924)665-0354x40887,Mumbai,Hatchback,3.5,2024-06-13
311,Christian,Powell,whitney17@example.com,595-487-5843x509,Delhi,Sedan,3.5,2024-04-30
312,Angela,Bailey,noblemeredith@example.com,+1-637-936-1633x9194,Chennai,SUV,4.9,2022-05-19
313,Bradley,Anderson,jenningssamantha@example.net,(862)228-0259x48793,Hyderabad,SUV,3.9,2024-08-05
314,Jill,Donovan,april30@example.org,235.615.9195,Hyderabad,SUV,3.8,2024-08-25
315,Brenda,Gross,donald98@example.com,001-355-634-6109x0840,Mumbai,Hatchback,4.9,2025-06-21
316,Maria,Phillips,juancasey@example.org,+1-757-828-8852x1264,Hyderabad,Sedan,4.3,2025-06-08
317,Sylvia,Wilson,melissastrickland@example.org,614-517-0730,Mumbai,SUV,4.6,2022-04-01
318,Jeff,Castro,jacobcoleman@example.org,001-517-238-9275x0523,Pune,Hatchback,3.8,2026-04-17
319,Tanya,Edwards,piercecourtney@example.com,555.299.9312x5949,Bangalore,Bike,3.7,2024-12-25
320,Samantha,Leon,gwilliams@example.com,784-953-3342,Mumbai,Bike,4.2,2026-04-28
321,Marc,Wallace,rodriguezlisa@example.net,394.653.0817x62459,Chennai,SUV,4.7,2023-04-01
322,Larry,Smith,christine86@example.net,670.507.1172x7386,Pune,Sedan,4.5,2021-07-25
323,Angela,Ruiz,michael94@example.org,994-946-9337x153,Bangalore,Sedan,3.9,2022-07-29
324,Stephanie,Gray,woodarddaniel@example.net,001-360-259-8382x7646,Chennai,Sedan,4.8,2023-12-16
325,John,Solis,ingramamber@example.com,+1-394-643-8397x913,Pune,Sedan,5.0,2022-12-09
326,Robert,Ray,nnicholson@example.org,+1-430-702-8470x118,Mumbai,Hatchback,4.2,2024-04-02
327,Patricia,Anthony,richard12@example.net,848-576-0397x1587,Bangalore,SUV,4.6,2024-01-22
328,Kristen,Medina,lopeztammy@example.net,001-213-608-9115x01330,Bangalore,Bike,4.5,2021-11-07
329,Christine,Herrera,daniellucas@example.net,624-545-1990x027,Hyderabad,Sedan,4.8,2026-04-06
330,Laura,Price,thomasmichael@example.org,949.427.3294x15296,Hyderabad,Hatchback,4.6,2025-09-09
331,Patrick,Barry,ashley50@example.org,(483)797-2035,Mumbai,SUV,4.5,2025-11-08
332,Gary,Martin,roberthayes@example.org,9243219386,Delhi,Hatchback,4.2,2024-04-05
333,Larry,Johnston,pwagner@example.org,6129088206,Mumbai,Bike,5.0,2022-02-07
334,Laurie,Price,michaelosborne@example.org,001-781-512-1030,Hyderabad,SUV,4.2,2025-05-12
335,Brenda,Rodriguez,waterscharles@example.net,001-821-644-6713,Bangalore,Sedan,4.6,2025-02-18
336,Lauren,Dawson,omartinez@example.net,266-796-5272,Hyderabad,SUV,4.0,2021-10-21
337,Leslie,Brown,xgonzalez@example.net,+1-701-481-9144x05936,Delhi,Hatchback,4.7,2025-06-03
338,Paul,Gibson,michaelmoreno@example.org,(654)697-1043,Mumbai,Hatchback,3.9,2024-01-01
339,Sarah,Donovan,tim77@example.net,452-299-2282x813,Delhi,Bike,4.9,2021-07-30
340,John,Allen,erik59@example.org,464-759-7768x27021,Pune,SUV,3.9,2023-05-27
341,John,Rogers,peter21@example.org,(717)906-3384x44393,Bangalore,Bike,3.9,2022-11-28
342,John,Torres,erin69@example.net,(264)896-3330,Delhi,SUV,3.6,2023-10-16
343,Brian,Wilson,michaelmoore@example.com,001-750-829-5019x73572,Mumbai,SUV,3.6,2026-06-21
344,Amanda,Johnson,knappwilliam@example.org,+1-479-351-6945x2617,Chennai,Sedan,4.6,2023-02-13
345,Adam,Gould,bobby00@example.com,625-887-8539x665,Bangalore,Bike,4.4,2024-03-24
346,Luke,Walker,robinsoncorey@example.net,+1-667-837-9821,Pune,Bike,4.1,2026-06-21
347,Aaron,Mora,denisekrause@example.org,4956946711,Delhi,Bike,4.5,2026-06-30
348,Olivia,Wilson,christinejones@example.org,+1-621-627-9121x67909,Chennai,Hatchback,3.9,2025-08-06
349,Jason,Lin,garciakelli@example.com,(430)579-8761x58905,Mumbai,SUV,4.1,2023-01-21
350,Michelle,Sparks,cindy49@example.org,990.408.5747x13155,Mumbai,SUV,4.9,2024-09-30
351,Michelle,Jones,rossamanda@example.org,(490)859-5975,Hyderabad,Bike,4.8,2024-10-14
352,Christina,Weaver,jean28@example.com,930.804.7485,Hyderabad,SUV,4.3,2022-04-07
353,Robin,Mitchell,katherine30@example.net,+1-685-563-6000x88150,Pune,Bike,4.5,2024-06-12
354,Brett,Herman,juarezsteven@example.net,+1-279-420-7878x388,Pune,Bike,4.1,2022-01-04
355,Brooke,Rios,wilsonandres@example.com,001-563-497-3076x318,Hyderabad,Sedan,4.3,2024-01-01
356,Ashley,Davis,samanthagolden@example.net,452-205-3513x632,Mumbai,Sedan,3.8,2022-02-07
357,Craig,Velazquez,hoodkristen@example.com,001-926-746-9494x4048,Mumbai,Hatchback,4.3,2022-01-14
358,Tyler,Jackson,alexander84@example.org,456.808.3760,Chennai,Hatchback,3.8,2025-09-12
359,Anthony,Williamson,christian69@example.org,(627)739-4433x24867,Mumbai,Bike,4.4,2024-12-29
360,Jean,Allison,michelleshields@example.com,940-847-0141,Chennai,SUV,4.2,2024-02-10
361,Jeffrey,Woodward,carrie88@example.org,200-900-8998x9665,Pune,SUV,4.8,2022-03-25
362,Victoria,Kelly,christiebyrd@example.net,679-463-5919,Mumbai,Bike,3.6,2024-07-20
363,Joseph,Campbell,mendezmark@example.net,+1-452-743-1748,Delhi,Hatchback,4.3,2024-01-14
364,David,Collins,hayleyclark@example.net,455.959.3410,Pune,SUV,4.9,2023-08-21
365,Guy,Jones,ewhite@example.com,+1-824-408-8169x5635,Hyderabad,SUV,4.6,2021-08-02
366,Jeremiah,Hubbard,qedwards@example.net,690.616.8077x7699,Mumbai,Hatchback,4.7,2026-05-16
367,Timothy,Brooks,wsmith@example.org,001-555-907-8113,Bangalore,Sedan,4.5,2024-10-17
368,Regina,Baker,john23@example.com,924-346-1367,Mumbai,Sedan,4.3,2021-08-06
369,David,Simpson,sotobradley@example.com,(517)243-5623x64330,Hyderabad,Sedan,4.4,2025-01-13
370,Cynthia,Lee,webbisaiah@example.net,(262)533-3231x4028,Delhi,Sedan,4.8,2022-04-10
371,Aaron,Mosley,bcamacho@example.net,456.343.0368x24741,Pune,Sedan,3.9,2025-07-08
372,Courtney,Long,moorejason@example.com,687-635-9856,Delhi,Hatchback,4.8,2023-06-01
373,Randy,Martinez,fowlerelizabeth@example.com,+1-288-487-7762x458,Pune,Sedan,3.5,2023-09-26
374,Brenda,Hill,fdaniels@example.org,+1-946-317-5558x51880,Pune,Sedan,4.5,2021-11-24
375,Colin,Allen,pwebb@example.com,771.426.3341x710,Hyderabad,Bike,4.5,2026-04-08
376,Patricia,Price,stephanie95@example.com,+1-326-295-4661x576,Chennai,Bike,3.9,2023-12-03
377,Kelsey,Jennings,qthomas@example.com,+1-706-724-7993x739,Bangalore,Bike,3.9,2023-09-14
378,Ryan,Gray,elizabeth96@example.net,(834)283-8823x2090,Pune,Hatchback,4.3,2025-07-15
379,Amanda,West,christy77@example.net,793-529-6533x10002,Hyderabad,Hatchback,4.7,2022-04-12
380,Joseph,Solomon,wromero@example.net,001-242-732-4045x48369,Chennai,Sedan,4.4,2023-06-23
381,John,Williams,hlyons@example.net,001-263-516-2374x17276,Chennai,SUV,4.1,2021-08-05
382,Phillip,Fisher,samantha33@example.net,490.490.0012x526,Mumbai,Sedan,3.8,2025-02-24
383,Charles,Lester,susan61@example.net,(821)398-4196,Delhi,Bike,4.4,2023-04-18
384,Charles,Glover,carmen61@example.com,(962)808-5755x40689,Chennai,Sedan,4.5,2024-03-22
385,Phyllis,Ross,justinliu@example.net,(904)582-9035x84732,Mumbai,SUV,4.5,2025-10-15
386,Joel,Lawson,kennethyoder@example.net,(264)206-7050,Bangalore,Bike,4.4,2025-04-15
387,Michele,Moody,matthew93@example.com,785.303.9463x6017,Chennai,Bike,3.6,2022-03-03
388,Joshua,Wright,sandra40@example.org,949-502-3499,Chennai,Bike,4.0,2025-10-11
389,Jessica,Graves,tammy44@example.net,4293103820,Chennai,Hatchback,4.1,2025-04-29
390,Anthony,Manning,ijohnson@example.net,001-254-218-1258x90263,Hyderabad,Bike,3.7,2024-05-14
391,Stephanie,Hicks,gferguson@example.net,997.564.0314x24240,Mumbai,Sedan,4.3,2024-12-01
392,William,Johnson,melissajones@example.org,779.696.7391,Hyderabad,Bike,3.6,2023-11-30
393,Theresa,Holt,steven55@example.org,474.209.8672x891,Bangalore,SUV,4.0,2024-06-04
394,Dominique,Fritz,georgehaynes@example.org,560-933-2544,Bangalore,Sedan,3.6,2023-12-06
395,Adam,Velez,gschroeder@example.org,001-902-302-6013x972,Chennai,Bike,3.6,2022-03-28
396,Blake,Boone,phillipcarr@example.org,+1-992-538-1429,Mumbai,SUV,4.7,2024-07-05
397,Jacob,Alvarez,bgrant@example.org,429-904-7593,Mumbai,SUV,3.6,2022-09-14
398,Vincent,Reeves,qcallahan@example.org,457.523.0260x697,Delhi,Hatchback,4.9,2022-11-16
399,Linda,Juarez,lopezkevin@example.com,(336)930-8401,Delhi,SUV,4.5,2024-09-23
400,Garrett,Morgan,randolphchelsea@example.net,902-698-2549,Chennai,SUV,4.5,2022-01-15
401,Lee,Johnson,andradejames@example.org,516.469.2738x712,Delhi,Bike,3.8,2023-10-06
402,Roberto,Carter,jasminerangel@example.com,001-399-491-3062x7757,Chennai,Bike,3.7,2023-01-14
403,Dylan,Bowman,kleinnancy@example.net,(651)648-6486,Pune,Bike,4.5,2023-01-01
404,Nancy,Jenkins,rcole@example.net,6252403925,Bangalore,SUV,3.6,2024-07-31
405,Justin,Gonzalez,lisabrown@example.net,783-334-3903,Hyderabad,SUV,3.9,2021-09-21
406,Angela,Mcpherson,brownmary@example.net,(873)368-8645,Delhi,Bike,3.8,2023-05-24
407,Alexis,Ramos,maria27@example.net,(947)448-6976,Chennai,Bike,3.8,2024-07-08
408,Dean,Moore,brandonkelley@example.net,257-709-0513x2728,Bangalore,SUV,4.8,2024-03-21
409,Stacy,Pope,joseph51@example.net,+1-624-639-2446,Chennai,Sedan,4.7,2026-01-23
410,Aaron,Hodges,jenniferjefferson@example.com,(471)789-6290x37711,Hyderabad,SUV,3.9,2022-09-22
411,James,Long,edwin40@example.com,547.352.5839x8033,Pune,Hatchback,4.4,2023-01-23
412,Brittney,Anderson,danielwilcox@example.com,001-970-419-1195x08951,Delhi,Sedan,4.9,2025-07-26
413,Kevin,Taylor,shannonle@example.com,572.814.1692x075,Hyderabad,Sedan,4.0,2024-04-08
414,Mary,Le,elizabethhuber@example.com,300.284.7433,Delhi,SUV,4.3,2025-11-19
415,James,Ballard,kim72@example.org,743-691-2634x37539,Bangalore,Bike,4.0,2025-07-19
416,Carrie,Becker,lolsen@example.net,001-986-286-0829x38109,Bangalore,Sedan,3.9,2022-04-29
417,Scott,Ruiz,vrios@example.org,001-692-691-6323x40158,Chennai,SUV,4.4,2024-01-28
418,Jennifer,Salazar,paula34@example.net,+1-502-694-8313,Delhi,Bike,5.0,2023-08-23
419,Ann,Larson,larawhitney@example.net,795.569.7882,Pune,Sedan,4.8,2023-05-09
420,Kevin,Hunt,wolson@example.net,530.611.2096x43955,Mumbai,Bike,4.8,2021-09-25
421,Christopher,Mccoy,susanhall@example.com,001-940-278-9730,Hyderabad,Hatchback,3.7,2023-03-31
422,Christopher,Oconnor,thomas27@example.org,+1-252-674-2749,Hyderabad,Bike,3.9,2024-01-22
423,Tyler,Payne,collinskevin@example.com,+1-441-670-3588x774,Chennai,SUV,4.0,2022-01-21
424,Elizabeth,Rosales,kevinsmith@example.org,001-335-755-6643x617,Delhi,Bike,4.3,2022-12-06
425,Alan,Martinez,carrie30@example.com,848-424-5056,Chennai,Sedan,4.0,2024-06-17
426,Stephen,Stephens,nperkins@example.com,(375)244-8828x49010,Bangalore,Bike,3.5,2026-02-04
427,Matthew,Swanson,aprilwolf@example.org,001-769-705-3383x9823,Bangalore,Bike,4.7,2021-12-18
428,Matthew,Hampton,lawrence16@example.net,409-476-6408x85618,Hyderabad,SUV,3.7,2022-08-12
429,Jessica,Briggs,vargasnatalie@example.com,001-408-610-3553x84441,Pune,SUV,3.7,2024-04-22
430,Wendy,Santos,rperez@example.net,440-688-9238x129,Bangalore,Bike,4.4,2022-02-15
431,Robert,Ruiz,ygraham@example.net,(992)669-4280,Mumbai,Sedan,3.7,2025-08-15
432,James,Lee,ortizkyle@example.com,(692)634-0849x7723,Hyderabad,Sedan,4.4,2024-10-15
433,Johnny,Mendoza,samantha62@example.com,639-395-2742,Delhi,Hatchback,4.2,2025-03-11
434,Bryan,Williams,cynthiawest@example.net,001-339-410-4373x397,Chennai,Hatchback,3.9,2025-05-12
435,Amber,Lopez,philip48@example.com,9479210291,Bangalore,Hatchback,3.6,2021-10-09
436,Joshua,Graves,hortiz@example.com,987.450.3519x92407,Hyderabad,Sedan,4.6,2022-08-03
437,Erin,Williams,andersonmegan@example.org,(434)409-8528,Mumbai,Sedan,4.2,2024-10-01
438,Robert,Fitzpatrick,gonzalezrichard@example.com,+1-684-745-1580x356,Hyderabad,Sedan,3.5,2024-11-12
439,Heather,Lewis,brianwolf@example.org,9365166169,Delhi,Hatchback,4.3,2025-06-13
440,Caitlin,Schaefer,cynthia35@example.net,486.796.2735x9593,Mumbai,Bike,4.6,2022-03-28
441,Melissa,Hunter,rhondacooper@example.org,(565)521-8558x703,Pune,Sedan,4.7,2023-12-22
442,Cynthia,Barber,aaronforbes@example.net,(839)329-6538x23983,Mumbai,SUV,3.9,2023-07-07
443,Jorge,Robles,omoore@example.net,001-536-469-3186x4559,Bangalore,Sedan,4.3,2022-08-05
444,Matthew,Smith,bhubbard@example.org,(591)332-3953x142,Hyderabad,Hatchback,4.1,2025-05-22
445,Suzanne,Myers,carpenterlori@example.net,970-958-9992x36373,Delhi,Bike,4.0,2025-04-10
446,Andrea,Jones,hunterjulie@example.org,559-394-0095x74063,Mumbai,Bike,3.8,2024-08-18
447,Jon,Frazier,qyu@example.org,001-677-659-0095x60953,Delhi,Bike,4.3,2024-02-25
448,Gregory,Hull,lbenton@example.org,001-756-749-4220,Hyderabad,Hatchback,4.4,2025-08-04
449,Jeffery,Stephens,sharon46@example.org,+1-331-292-4296x8846,Chennai,Hatchback,4.2,2022-01-20
450,Brady,Brown,weekstodd@example.com,+1-982-730-7761x24993,Mumbai,Sedan,3.5,2025-10-10
451,Vincent,Powers,jason32@example.net,875.843.9052x933,Mumbai,Hatchback,4.7,2021-08-20
452,Daniel,Klein,laura42@example.com,(271)851-7946,Pune,Bike,4.3,2021-11-20
453,Lisa,White,richardsdiane@example.net,226.840.2988,Pune,SUV,4.9,2025-04-06
454,Melissa,Martinez,xgrimes@example.com,(928)339-3316x67944,Delhi,Hatchback,3.9,2025-05-01
455,Angela,Foster,ortizjoseph@example.org,535-795-1349,Pune,Hatchback,4.8,2025-05-09
456,Todd,Alexander,nicolepalmer@example.com,001-627-248-6074,Hyderabad,Hatchback,4.0,2025-06-14
457,Kristopher,Griffin,melissastein@example.net,426.206.7424x5501,Delhi,Bike,4.7,2022-07-29
458,Lawrence,Moore,ycarter@example.org,(336)666-0140x58213,Delhi,SUV,4.2,2021-11-09
459,Brandy,Smith,cchang@example.net,(390)245-8300x466,Hyderabad,Hatchback,5.0,2024-01-17
460,Kelly,Joyce,mcfarlandpatricia@example.net,(360)550-2525x80202,Delhi,Bike,3.6,2022-12-06
461,Elizabeth,Ray,aharris@example.com,(826)745-4995,Pune,Hatchback,4.5,2025-06-27
462,George,Hernandez,amendoza@example.net,877-284-6070,Delhi,Sedan,4.6,2024-02-19
463,Emily,Henderson,cjackson@example.net,259.569.0764x088,Pune,Bike,3.6,2023-12-07
464,Carolyn,Brown,hroman@example.net,8505145754,Delhi,Sedan,4.8,2025-06-12
465,Andrew,Yu,mario45@example.com,001-267-267-1070x8775,Hyderabad,Bike,4.7,2025-12-21
466,Jacob,Shannon,kristin71@example.org,334.280.4157x058,Mumbai,Bike,4.7,2024-08-25
467,Kelly,Sullivan,qwilliams@example.com,001-774-935-2238,Bangalore,SUV,3.6,2022-11-07
468,Robert,Green,joshuamartin@example.com,6787905114,Mumbai,Hatchback,4.3,2023-09-21
469,Adam,Rodriguez,ashleymartin@example.net,496.585.6016x499,Hyderabad,Sedan,5.0,2025-05-29
470,Alice,Davis,brandon57@example.com,791-969-8592x0985,Pune,Sedan,4.2,2021-08-06
471,Chad,Durham,taylortimothy@example.com,+1-866-413-0670,Delhi,Sedan,4.1,2022-05-14
472,Michael,Townsend,fgeorge@example.net,928-462-6545x4674,Chennai,SUV,4.4,2025-02-08
473,Timothy,Hall,ltucker@example.org,374.699.9155x6145,Hyderabad,Bike,4.2,2025-05-17
474,Derek,Simpson,nelsonedwin@example.org,616-628-4855,Chennai,SUV,3.9,2025-11-15
475,Jennifer,Schultz,monica23@example.net,9228456514,Chennai,Hatchback,4.5,2024-02-14
476,Diana,Sharp,tpalmer@example.net,(378)393-4783,Hyderabad,Hatchback,4.2,2023-05-16
477,Robert,Johnston,paige19@example.org,001-598-879-3000x919,Mumbai,Hatchback,4.8,2023-01-13
478,Kevin,Vasquez,kimberly38@example.com,473.849.2181,Pune,Bike,3.5,2022-10-07
479,Kelsey,Lopez,velasquezregina@example.com,864.406.3720x40786,Pune,Bike,5.0,2026-01-05
480,Gregory,Allen,craiggutierrez@example.com,7695645737,Bangalore,Sedan,3.8,2026-01-18
481,Michael,Ortiz,sandy99@example.com,+1-938-660-9590x77068,Delhi,Sedan,4.9,2021-12-28
482,Shawn,Ruiz,alexis74@example.com,+1-271-956-8665x733,Hyderabad,SUV,4.4,2021-10-12
483,Robin,Sanders,brandon35@example.net,954-832-5882x60839,Pune,Bike,4.9,2023-05-03
484,Sarah,Baker,jerry27@example.org,001-796-427-9326,Pune,Bike,4.1,2023-12-19
485,Jessica,Morris,stephensonmichael@example.com,4702970515,Chennai,Sedan,4.7,2025-12-08
486,Paul,Schmidt,vaughanpatrick@example.com,256.798.4146x95559,Hyderabad,Bike,4.0,2021-10-29
487,Bryan,Cox,danielleramirez@example.net,+1-389-645-4999x323,Bangalore,SUV,4.6,2025-01-06
488,Brian,Elliott,ortegarobert@example.com,570.314.5498x66455,Hyderabad,Hatchback,4.0,2024-10-07
489,Laura,Miller,rodriguezmatthew@example.net,001-946-551-3786x93358,Delhi,Sedan,4.6,2026-04-09
490,Michael,Johnson,evelynkirk@example.org,283-227-2035,Chennai,SUV,3.8,2023-05-28
491,Rodney,Barber,jeremy99@example.net,7843251643,Hyderabad,Sedan,4.3,2021-07-27
492,Devin,Franklin,stevendougherty@example.net,(548)577-0526,Delhi,Bike,4.1,2022-10-05
493,Sharon,Castro,tcarr@example.com,4249450942,Bangalore,SUV,4.5,2022-05-13
494,Joseph,Morris,sarah06@example.com,(571)579-4314,Pune,Hatchback,3.9,2025-06-28
495,Jessica,Roberson,rdyer@example.org,547-482-0870x954,Delhi,SUV,4.8,2023-05-29
496,Amy,Jarvis,lisabowman@example.com,+1-701-736-0356x85088,Hyderabad,Bike,4.4,2025-01-26
497,John,Gibson,qmoore@example.net,(379)244-5173,Delhi,Bike,3.9,2022-07-12
498,Tanner,Garcia,collinsjames@example.org,(695)996-1275x9067,Pune,Sedan,4.6,2025-01-07
499,Wayne,Hall,qwagner@example.com,567-846-4161x08289,Chennai,Hatchback,3.6,2025-11-29
500,Maria,Wade,fostersteven@example.net,961.910.3965x063,Hyderabad,SUV,4.8,2022-09-05
